1,Employee_1,Sales
2,Employee_2,Engineering
3,Employee_3,Marketing
4,Employee_4,HR
5,Employee_5,Sales
6,Employee_6,Engineering
7,Employee_7,Marketing
8,Employee_8,HR
9,Employee_9,Sales
10,Employee_10,Engineering
11,Employee_11,Marketing
12,Employee_12,HR
13,Employee_13,Sales
14,Employee_14,Engineering
15,Employee_15,Marketing
16,Employee_16,HR
17,Employee_17,Sales
18,Employee_18,Engineering
19,Employee_19,Marketing
20,Employee_20,HR
21,Employee_21,Sales
22,Employee_22,Engineering
23,Employee_23,Marketing
24,Employee_24,HR
25,Employee_25,Sales
26,Employee_26,Engineering
27,Employee_27,Marketing
28,Employee_28,HR
29,Employee_29,Sales
30,Employee_30,Engineering
31,Employee_31,Marketing
32,Employee_32,HR
33,Employee_33,Sales
34,Employee_34,Engineering
35,Employee_35,Marketing
36,Employee_36,HR
37,Employee_37,Sales
38,Employee_38,Engineering
39,Employee_39,Marketing
40,Employee_40,HR
41,Employee_41,Sales
42,Employee_42,Engineering
43,Employee_43,Marketing
44,Employee_44,HR
45,Employee_45,Sales
46,Employee_46,Engineering
47,Employee_47,Marketing
48,Employee_48,HR
49,Employee_49,Sales
50,Employee_50,Engineering
51,Employee_51,Marketing
52,Employee_52,HR
53,Employee_53,Sales
54,Employee_54,Engineering
55,Employee_55,Marketing
56,Employee_56,HR
57,Employee_57,Sales
58,Employee_58,Engineering
59,Employee_59,Marketing
60,Employee_60,HR
61,Employee_61,Sales
62,Employee_62,Engineering
63,Employee_63,Marketing
64,Employee_64,HR
65,Employee_65,Sales
66,Employee_66,Engineering
67,Employee_67,Marketing
68,Employee_68,HR
69,Employee_69,Sales
70,Employee_70,Engineering
71,Employee_71,Marketing
72,Employee_72,HR
73,Employee_73,Sales
74,Employee_74,Engineering
75,Employee_75,Marketing
76,Employee_76,HR
77,Employee_77,Sales
78,Employee_78,Engineering
79,Employee_79,Marketing
80,Employee_80,HR
81,Employee_81,Sales
82,Employee_82,Engineering
83,Employee_83,Marketing
84,Employee_84,HR
85,Employee_85,Sales
86,Employee_86,Engineering
87,Employee_87,Marketing
88,Employee_88,HR
89,Employee_89,Sales
90,Employee_90,Engineering
91,Employee_91,Marketing
92,Employee_92,HR
93,Employee_93,Sales
94,Employee_94,Engineering
95,Employee_95,Marketing
96,Employee_96,HR
97,Employee_97,Sales
98,Employee_98,Engineering
99,Employee_99,Marketing
100,Employee_100,HR
101,Employee_101,Sales
102,Employee_102,Engineering
103,Employee_103,Marketing
104,Employee_104,HR
105,Employee_105,Sales
106,Employee_106,Engineering
107,Employee_107,Marketing
108,Employee_108,HR
109,Employee_109,Sales
110,Employee_110,Engineering
111,Employee_111,Marketing
112,Employee_112,HR
113,Employee_113,Sales
114,Employee_114,Engineering
115,Employee_115,Marketing
116,Employee_116,HR
117,Employee_117,Sales
118,Employee_118,Engineering
119,Employee_119,Marketing
120,Employee_120,HR
121,Employee_121,Sales
122,Employee_122,Engineering
123,Employee_123,Marketing
124,Employee_124,HR
125,Employee_125,Sales
126,Employee_126,Engineering
127,Employee_127,Marketing
128,Employee_128,HR
129,Employee_129,Sales
130,Employee_130,Engineering
131,Employee_131,Marketing
132,Employee_132,HR
133,Employee_133,Sales
134,Employee_134,Engineering
135,Employee_135,Marketing
136,Employee_136,HR
137,Employee_137,Sales
138,Employee_138,Engineering
139,Employee_139,Marketing
140,Employee_140,HR
141,Employee_141,Sales
142,Employee_142,Engineering
143,Employee_143,Marketing
144,Employee_144,HR
145,Employee_145,Sales
146,Employee_146,Engineering
147,Employee_147,Marketing
148,Employee_148,HR
149,Employee_149,Sales
150,Employee_150,Engineering
151,Employee_151,Marketing
152,Employee_152,HR
153,Employee_153,Sales
154,Employee_154,Engineering
155,Employee_155,Marketing
156,Employee_156,HR
157,Employee_157,Sales
158,Employee_158,Engineering
159,Employee_159,Marketing
160,Employee_160,HR
161,Employee_161,Sales
162,Employee_162,Engineering
163,Employee_163,Marketing
164,Employee_164,HR
165,Employee_165,Sales
166,Employee_166,Engineering
167,Employee_167,Marketing
168,Employee_168,HR
169,Employee_169,Sales
170,Employee_170,Engineering
171,Employee_171,Marketing
172,Employee_172,HR
173,Employee_173,Sales
174,Employee_174,Engineering
175,Employee_175,Marketing
176,Employee_176,HR
177,Employee_177,Sales
178,Employee_178,Engineering
179,Employee_179,Marketing
180,Employee_180,HR
181,Employee_181,Sales
182,Employee_182,Engineering
183,Employee_183,Marketing
184,Employee_184,HR
185,Employee_185,Sales
186,Employee_186,Engineering
187,Employee_187,Marketing
188,Employee_188,HR
189,Employee_189,Sales
190,Employee_190,Engineering
191,Employee_191,Marketing
192,Employee_192,HR
193,Employee_193,Sales
194,Employee_194,Engineering
195,Employee_195,Marketing
196,Employee_196,HR
197,Employee_197,Sales
198,Employee_198,Engineering
199,Employee_199,Marketing
200,Employee_200,HR
201,Employee_201,Sales
202,Employee_202,Engineering
203,Employee_203,Marketing
204,Employee_204,HR
205,Employee_205,Sales
206,Employee_206,Engineering
207,Employee_207,Marketing
208,Employee_208,HR
209,Employee_209,Sales
210,Employee_210,Engineering
211,Employee_211,Marketing
212,Employee_212,HR
213,Employee_213,Sales
214,Employee_214,Engineering
215,Employee_215,Marketing
216,Employee_216,HR
217,Employee_217,Sales
218,Employee_218,Engineering
219,Employee_219,Marketing
220,Employee_220,HR
221,Employee_221,Sales
222,Employee_222,Engineering
223,Employee_223,Marketing
224,Employee_224,HR
225,Employee_225,Sales
226,Employee_226,Engineering
227,Employee_227,Marketing
228,Employee_228,HR
229,Employee_229,Sales
230,Employee_230,Engineering
231,Employee_231,Marketing
232,Employee_232,HR
233,Employee_233,Sales
234,Employee_234,Engineering
235,Employee_235,Marketing
236,Employee_236,HR
237,Employee_237,Sales
238,Employee_238,Engineering
239,Employee_239,Marketing
240,Employee_240,HR
241,Employee_241,Sales
242,Employee_242,Engineering
243,Employee_243,Marketing
244,Employee_244,HR
245,Employee_245,Sales
246,Employee_246,Engineering
247,Employee_247,Marketing
248,Employee_248,HR
249,Employee_249,Sales
250,Employee_250,Engineering
251,Employee_251,Marketing
252,Employee_252,HR
253,Employee_253,Sales
254,Employee_254,Engineering
255,Employee_255,Marketing
256,Employee_256,HR
257,Employee_257,Sales
258,Employee_258,Engineering
259,Employee_259,Marketing
260,Employee_260,HR
261,Employee_261,Sales
262,Employee_262,Engineering
263,Employee_263,Marketing
264,Employee_264,HR
265,Employee_265,Sales
266,Employee_266,Engineering
267,Employee_267,Marketing
268,Employee_268,HR
269,Employee_269,Sales
270,Employee_270,Engineering
271,Employee_271,Marketing
272,Employee_272,HR
273,Employee_273,Sales
274,Employee_274,Engineering
275,Employee_275,Marketing
276,Employee_276,HR
277,Employee_277,Sales
278,Employee_278,Engineering
279,Employee_279,Marketing
280,Employee_280,HR
281,Employee_281,Sales
282,Employee_282,Engineering
283,Employee_283,Marketing
284,Employee_284,HR
285,Employee_285,Sales
286,Employee_286,Engineering
287,Employee_287,Marketing
288,Employee_288,HR
289,Employee_289,Sales
290,Employee_290,Engineering
291,Employee_291,Marketing
292,Employee_292,HR
293,Employee_293,Sales
294,Employee_294,Engineering
295,Employee_295,Marketing
296,Employee_296,HR
297,Employee_297,Sales
298,Employee_298,Engineering
299,Employee_299,Marketing
300,Employee_300,HR